,Transcripts,Enzyme,Ocean_and_sea_regions,Reads_per_Kb_per_million_mapped_reads,Sample_ID,Size_fraction_upper_threshold_micrometre,Total_transcripts_per_million_sequences,Station
3,4.12e-07,alma1,North Pacific Ocean,412.00000000000006,,,,
4,0.0,alma1,North Pacific Ocean,0.0,,,,
7,0.0,alma1,North Pacific Ocean,0.0,,,,
8,2.39e-08,alma1,North Pacific Ocean,23.9,,,,
9,1.71e-07,alma1,North Pacific Ocean,171.0,,,,
10,4.16e-08,alma1,North Pacific Ocean,41.6,,,,
11,0.0,alma1,North Pacific Ocean,0.0,,,,
12,0.0,alma1,South Pacific Ocean,0.0,,,,
13,0.0,alma1,South Pacific Ocean,0.0,,,,
17,0.0,alma1,North Pacific Ocean,0.0,,,,
18,0.0,alma1,North Pacific Ocean,0.0,,,,
19,0.0,alma1,North Pacific Ocean,0.0,,,,
20,3.13e-08,alma1,North Pacific Ocean,31.3,,,,
21,0.0,alma1,North Pacific Ocean,0.0,,,,
22,0.0,alma1,North Pacific Ocean,0.0,,,,
23,3.4500000000000005e-08,alma1,North Pacific Ocean,34.50000000000001,,,,
24,0.0,alma1,North Pacific Ocean,0.0,,,,
28,3.01e-07,alma1,Southern Ocean (S of 40S),301.0,,,,
29,9.86e-07,alma1,Southern Ocean (S of 40S),986.0,,,,
30,0.0,alma1,Southern Ocean (S of 40S),0.0,,,,
31,2.35e-07,alma1,Southern Ocean (S of 40S),235.0,,,,
32,0.0,alma1,Southern Ocean (S of 40S),0.0,,,,
33,1.02e-06,alma1,Southern Ocean (S of 40S),1020.0,,,,
34,0.0,alma1,South Pacific Ocean,0.0,,,,
35,1.05e-07,alma1,South Pacific Ocean,105.0,,,,
36,0.0,alma1,South Pacific Ocean,0.0,,,,
52,0.0,alma1,Indian Ocean,0.0,,,,
53,4.93e-07,alma1,Indian Ocean,493.0,,,,
54,7.61e-08,alma1,Indian Ocean,76.1,,,,
55,0.0,alma1,Indian Ocean,0.0,,,,
56,0.0,alma1,Indian Ocean,0.0,,,,
57,0.0,alma1,Indian Ocean,0.0,,,,
58,0.0,alma1,Indian Ocean,0.0,,,,
59,7.61e-08,alma1,Indian Ocean,76.1,,,,
60,1.2199999999999998e-07,alma1,Indian Ocean,122.0,,,,
61,0.0,alma1,North Pacific Ocean,0.0,,,,
62,2.6e-07,alma1,North Pacific Ocean,260.0,,,,
63,2.9500000000000006e-08,alma1,North Pacific Ocean,29.500000000000004,,,,
66,6.36e-08,alma1,North Pacific Ocean,63.6,,,,
67,0.0,alma1,North Pacific Ocean,0.0,,,,
91,7.299999999999999e-08,alma1,South Atlantic Ocean,72.99999999999999,,,,
92,2.7e-08,alma1,South Atlantic Ocean,27.0,,,,
93,1.34e-06,alma1,South Pacific Ocean,1340.0,,,,
94,0.0,alma1,South Pacific Ocean,0.0,,,,
105,0.0,alma1,Indian Ocean,0.0,,,,
106,0.0,alma1,Indian Ocean,0.0,,,,
148,1.23e-07,alma1,Southern Ocean (S of 40S),123.0,,,,
149,3.03e-07,alma1,Southern Ocean (S of 40S),303.0,,,,
150,6.72e-07,alma1,Southern Ocean (S of 40S),672.0,,,,
151,1.9e-07,alma1,Southern Ocean (S of 40S),190.0,,,,
152,4.6e-08,alma1,Southern Ocean (S of 40S),45.99999999999999,,,,
153,1.5199999999999998e-07,alma1,Southern Ocean (S of 40S),151.99999999999997,,,,
154,5.65e-08,alma1,Southern Ocean (S of 40S),56.5,,,,
214,0.0,alma1,North Pacific Ocean,0.0,,,,
215,0.0,alma1,North Pacific Ocean,0.0,,,,
250,0.0,alma1,North Atlantic Ocean,0.0,,,,
251,0.0,alma1,North Atlantic Ocean,0.0,,,,
252,3.12e-08,alma1,North Atlantic Ocean,31.200000000000006,,,,
253,6.37e-08,alma1,North Atlantic Ocean,63.7,,,,
254,3.09e-08,alma1,North Atlantic Ocean,30.9,,,,
255,1.4e-07,alma1,North Atlantic Ocean,140.0,,,,
256,0.0,alma1,North Atlantic Ocean,0.0,,,,
257,0.0,alma1,North Atlantic Ocean,0.0,,,,
258,5.16e-07,alma1,North Atlantic Ocean,516.0,,,,
294,7.95e-08,alma1,Indian Ocean,79.5,,,,
295,0.0,alma1,Indian Ocean,0.0,,,,
296,3.6e-08,alma1,Indian Ocean,36.0,,,,
297,0.0,alma1,Indian Ocean,0.0,,,,
298,0.0,alma1,Indian Ocean,0.0,,,,
299,2.5e-08,alma1,Indian Ocean,25.0,,,,
300,0.0,alma1,South Pacific Ocean,0.0,,,,
301,0.0,alma1,South Pacific Ocean,0.0,,,,
302,4.3e-08,alma1,South Pacific Ocean,43.0,,,,
303,0.0,alma1,South Pacific Ocean,0.0,,,,
304,0.0,alma1,South Pacific Ocean,0.0,,,,
305,0.0,alma1,South Pacific Ocean,0.0,,,,
306,0.0,alma1,South Pacific Ocean,0.0,,,,
307,1.2199999999999998e-07,alma1,South Pacific Ocean,122.0,,,,
312,2.36e-08,alma1,South Pacific Ocean,23.6,,,,
313,0.0,alma1,South Pacific Ocean,0.0,,,,
314,0.0,alma1,South Pacific Ocean,0.0,,,,
315,0.0,alma1,South Pacific Ocean,0.0,,,,
316,0.0,alma1,South Pacific Ocean,0.0,,,,
317,0.0,alma1,South Pacific Ocean,0.0,,,,
318,0.0,alma1,South Pacific Ocean,0.0,,,,
319,1.71e-07,alma1,South Pacific Ocean,171.0,,,,
329,0.0,alma1,South Pacific Ocean,0.0,,,,
330,0.0,alma1,South Pacific Ocean,0.0,,,,
331,0.0,alma1,South Atlantic Ocean,0.0,,,,
332,0.0,alma1,South Pacific Ocean,0.0,,,,
333,0.0,alma1,South Pacific Ocean,0.0,,,,
334,5.18e-08,alma1,South Pacific Ocean,51.8,,,,
335,0.0,alma1,Indian Ocean,0.0,,,,
336,0.0,alma1,Indian Ocean,0.0,,,,
337,1.74e-07,alma1,Indian Ocean,174.0,,,,
338,5.2e-08,alma1,Southern Ocean (S of 40S),52.0,,,,
339,1.2e-07,alma1,Southern Ocean (S of 40S),120.0,,,,
340,1.43e-06,alma1,Southern Ocean (S of 40S),1430.0,,,,
341,1.38e-06,alma1,Southern Ocean (S of 40S),1380.0,,,,
342,0.0,alma1,Southern Ocean (S of 40S),0.0,,,,
343,3.7e-07,alma1,Southern Ocean (S of 40S),370.0,,,,
344,2.75e-07,alma1,Southern Ocean (S of 40S),275.0,,,,
351,1.6300000000000002e-07,alma1,North Pacific Ocean,163.00000000000003,,,,
352,0.0,alma1,North Pacific Ocean,0.0,,,,
353,0.0,alma1,North Pacific Ocean,0.0,,,,
354,2.27e-08,alma1,North Pacific Ocean,22.700000000000006,,,,
355,0.0,alma1,North Pacific Ocean,0.0,,,,
356,0.0,alma1,North Pacific Ocean,0.0,,,,
357,0.0,alma1,North Pacific Ocean,0.0,,,,
358,0.0,alma1,North Pacific Ocean,0.0,,,,
359,0.0,alma1,North Pacific Ocean,0.0,,,,
360,0.0,alma1,North Pacific Ocean,0.0,,,,
361,0.0,alma1,South Pacific Ocean,0.0,,,,
362,9.9e-08,alma1,South Pacific Ocean,99.0,,,,
363,0.0,alma1,South Pacific Ocean,0.0,,,,
364,0.0,alma1,South Pacific Ocean,0.0,,,,
365,0.0,alma1,South Pacific Ocean,0.0,,,,
366,0.0,alma1,South Pacific Ocean,0.0,,,,
368,2.74e-07,alma1,Indian Ocean,274.0,,,,
369,0.0,alma1,Indian Ocean,0.0,,,,
370,0.0,alma1,Indian Ocean,0.0,,,,
371,0.0,alma1,Indian Ocean,0.0,,,,
372,0.0,alma1,Indian Ocean,0.0,,,,
390,9.05e-08,alma1,Indian Ocean,90.5,,,,
391,0.0,alma1,South Pacific Ocean,0.0,,,,
392,0.0,alma1,South Pacific Ocean,0.0,,,,
395,3.68e-07,alma1,Southern Ocean (S of 40S),368.0,,,,
396,2.86e-06,alma1,Southern Ocean (S of 40S),2860.0,,,,
397,1.08e-07,alma1,Southern Ocean (S of 40S),108.0,,,,
398,6.92e-06,alma1,Southern Ocean (S of 40S),6920.0,,,,
399,2.75e-08,alma1,Southern Ocean (S of 40S),27.5,,,,
400,1.33e-07,alma1,Southern Ocean (S of 40S),133.0,,,,
401,9.5e-07,alma1,Southern Ocean (S of 40S),950.0,,,,
402,2.34e-06,alma1,Southern Ocean (S of 40S),2340.0,,,,
420,0.0,alma1,North Pacific Ocean,0.0,,,,
421,0.0,alma1,North Pacific Ocean,0.0,,,,
422,2.16e-08,alma1,North Pacific Ocean,21.6,,,,
423,2.78e-08,alma1,North Pacific Ocean,27.8,,,,
424,1.83e-07,alma1,North Pacific Ocean,183.0,,,,
425,0.0,alma1,North Pacific Ocean,0.0,,,,
436,0.0,alma1,South Atlantic Ocean,0.0,,,,
437,0.0,alma1,South Atlantic Ocean,0.0,,,,
438,3.2e-08,alma1,South Atlantic Ocean,32.0,,,,
439,0.0,alma1,South Atlantic Ocean,0.0,,,,
453,0.0,alma1,Indian Ocean,0.0,,,,
454,4.75e-08,alma1,Indian Ocean,47.5,,,,
455,0.0,alma1,Indian Ocean,0.0,,,,
462,0.0,alma1,South Pacific Ocean,0.0,,,,
463,0.0,alma1,South Pacific Ocean,0.0,,,,
464,2.65e-08,alma1,South Pacific Ocean,26.5,,,,
465,0.0,alma1,South Pacific Ocean,0.0,,,,
471,0.0,alma1,South Atlantic Ocean,0.0,,,,
472,0.0,alma1,North Pacific Ocean,0.0,,,,
473,0.0,alma1,North Pacific Ocean,0.0,,,,
474,2.63e-08,alma1,North Pacific Ocean,26.3,,,,
475,6.440000000000001e-08,alma1,North Pacific Ocean,64.4,,,,
476,8.44e-08,alma1,North Pacific Ocean,84.4,,,,
477,0.0,alma1,North Pacific Ocean,0.0,,,,
480,0.0,alma1,Indian Ocean,0.0,,,,
481,0.0,alma1,Indian Ocean,0.0,,,,
482,9.81e-08,alma1,Indian Ocean,98.1,,,,
483,0.0,alma1,Indian Ocean,0.0,,,,
484,0.0,alma1,Indian Ocean,0.0,,,,
485,0.0,alma1,Indian Ocean,0.0,,,,
540,0.0,alma1,South Atlantic Ocean,0.0,,,,
542,1.26e-07,alma1,Southern Ocean (S of 40S),126.0,,,,
543,2.47e-07,alma1,Southern Ocean (S of 40S),247.0,,,,
544,1.2e-06,alma1,Southern Ocean (S of 40S),1200.0,,,,
545,1.16e-06,alma1,Southern Ocean (S of 40S),1160.0,,,,
546,2.33e-07,alma1,Southern Ocean (S of 40S),233.0,,,,
547,1.41e-06,alma1,Southern Ocean (S of 40S),1410.0,,,,
548,1.33e-07,alma1,Southern Ocean (S of 40S),133.0,,,,
568,0.0,alma1,South Pacific Ocean,0.0,,,,
569,0.0,alma1,South Pacific Ocean,0.0,,,,
579,1.5199999999999998e-07,alma1,Southern Ocean (S of 40S),151.99999999999997,,,,
580,3.9e-08,alma1,Southern Ocean (S of 40S),39.0,,,,
581,3.520000000000001e-07,alma1,Southern Ocean (S of 40S),352.00000000000006,,,,
582,5e-07,alma1,Southern Ocean (S of 40S),500.0,,,,
583,2.65e-07,alma1,Southern Ocean (S of 40S),265.0,,,,
584,1.08e-06,alma1,Southern Ocean (S of 40S),1080.0,,,,
585,8.77e-07,alma1,Southern Ocean (S of 40S),877.0,,,,
586,2.05e-07,alma1,North Atlantic Ocean,205.0,,,,
587,3.2900000000000003e-08,alma1,North Atlantic Ocean,32.90000000000001,,,,
588,1.59e-07,alma1,North Atlantic Ocean,159.0,,,,
589,2.2e-08,alma1,North Atlantic Ocean,22.000000000000004,,,,
596,0.0,alma1,South Pacific Ocean,0.0,,,,
597,3.579999999999999e-07,alma1,South Pacific Ocean,357.99999999999994,,,,
598,0.0,alma1,South Pacific Ocean,0.0,,,,
599,0.0,alma1,South Pacific Ocean,0.0,,,,
600,0.0,alma1,South Pacific Ocean,0.0,,,,
601,0.0,alma1,South Pacific Ocean,0.0,,,,
602,0.0,alma1,South Pacific Ocean,0.0,,,,
603,1.86e-07,alma1,North Atlantic Ocean,186.00000000000003,,,,
604,3.91e-08,alma1,North Atlantic Ocean,39.1,,,,
605,3.88e-08,alma1,North Atlantic Ocean,38.8,,,,
606,0.0,alma1,North Pacific Ocean,0.0,,,,
607,0.0,alma1,North Pacific Ocean,0.0,,,,
608,2.12e-08,alma1,North Pacific Ocean,21.200000000000006,,,,
619,4.33e-08,alma1,South Pacific Ocean,43.3,,,,
620,0.0,alma1,South Pacific Ocean,0.0,,,,
621,0.0,alma1,South Pacific Ocean,0.0,,,,
622,2.41e-07,alma1,Southern Ocean (S of 40S),241.0,,,,
623,5.28e-07,alma1,Southern Ocean (S of 40S),528.0,,,,
624,1.19e-06,alma1,Southern Ocean (S of 40S),1190.0,,,,
625,6.32e-07,alma1,Southern Ocean (S of 40S),632.0,,,,
626,4.79e-07,alma1,Southern Ocean (S of 40S),479.0,,,,
627,1.32e-06,alma1,Southern Ocean (S of 40S),1320.0,,,,
639,1.01e-07,alma1,North Atlantic Ocean,101.0,,,,
660,5.84e-08,alma1,Indian Ocean,58.4,,,,
661,2.9e-08,alma1,Indian Ocean,29.0,,,,
662,0.0,alma1,Indian Ocean,0.0,,,,
663,0.0,alma1,Indian Ocean,0.0,,,,
664,0.0,alma1,Indian Ocean,0.0,,,,
665,2.41e-08,alma1,Indian Ocean,24.1,,,,
666,1.57e-07,alma1,Indian Ocean,157.0,,,,
680,0.0,alma1,Indian Ocean,0.0,,,,
681,0.0,alma1,Indian Ocean,0.0,,,,
682,0.0,alma1,Indian Ocean,0.0,,,,
683,0.0,alma1,Indian Ocean,0.0,,,,
684,0.0,alma1,North Pacific Ocean,0.0,,,,
685,0.0,alma1,North Pacific Ocean,0.0,,,,
694,0.0,alma1,North Pacific Ocean,0.0,,,,
695,0.0,alma1,North Pacific Ocean,0.0,,,,
696,0.0,alma1,North Pacific Ocean,0.0,,,,
699,0.0,alma1,Indian Ocean,0.0,,,,
700,1.18e-06,alma1,Indian Ocean,1180.0,,,,
701,0.0,alma1,Indian Ocean,0.0,,,,
705,0.0,alma1,South Pacific Ocean,0.0,,,,
706,0.0,alma1,South Pacific Ocean,0.0,,,,
717,9.12e-08,alma1,South Pacific Ocean,91.2,,,,
718,0.0,alma1,South Pacific Ocean,0.0,,,,
719,7.28e-08,alma1,South Pacific Ocean,72.8,,,,
720,0.0,alma1,South Pacific Ocean,0.0,,,,
721,0.0,alma1,South Pacific Ocean,0.0,,,,
722,0.0,alma1,South Pacific Ocean,0.0,,,,
723,0.0,alma1,South Pacific Ocean,0.0,,,,
724,0.0,alma1,South Pacific Ocean,0.0,,,,
725,2.51e-07,alma1,Indian Ocean,251.0,,,,
748,0.0,alma1,Indian Ocean,0.0,,,,
749,0.0,alma1,Indian Ocean,0.0,,,,
750,0.0,alma1,Indian Ocean,0.0,,,,
777,0.0,alma1,Southern Ocean (S of 40S),0.0,,,,
778,2.12e-07,alma1,Southern Ocean (S of 40S),212.0,,,,
779,2.5e-05,alma1,Southern Ocean (S of 40S),25000.0,,,,
780,0.0,alma1,Southern Ocean (S of 40S),0.0,,,,
781,2.76e-06,alma1,Southern Ocean (S of 40S),2760.0,,,,
782,1.4e-05,alma1,Southern Ocean (S of 40S),14000.000000000002,,,,
783,3.13e-08,alma1,Southern Ocean (S of 40S),31.3,,,,
784,2.37e-06,alma1,Southern Ocean (S of 40S),2370.0,,,,
785,3.13e-08,alma1,Southern Ocean (S of 40S),31.3,,,,
786,1.73e-06,alma1,Southern Ocean (S of 40S),1730.0,,,,
790,0.0,alma1,Indian Ocean,0.0,,,,
791,0.0,alma1,Indian Ocean,0.0,,,,
792,0.0,alma1,Indian Ocean,0.0,,,,
793,3.51e-08,alma1,Indian Ocean,35.099999999999994,,,,
794,9.34e-08,alma1,Indian Ocean,93.4,,,,
795,3.74e-08,alma1,Indian Ocean,37.40000000000001,,,,
796,0.0,alma1,Indian Ocean,0.0,,,,
797,0.0,alma1,Indian Ocean,0.0,,,,
811,4.02e-08,alma1,South Pacific Ocean,40.2,,,,
812,0.0,alma1,South Pacific Ocean,0.0,,,,
813,0.0,alma1,South Pacific Ocean,0.0,,,,
814,5.47e-08,alma1,South Pacific Ocean,54.7,,,,
815,0.0,alma1,South Pacific Ocean,0.0,,,,
816,0.0,alma1,South Atlantic Ocean,0.0,,,,
844,2.52e-08,alma1,North Pacific Ocean,25.2,,,,
845,0.0,alma1,North Pacific Ocean,0.0,,,,
846,0.0,alma1,North Pacific Ocean,0.0,,,,
847,0.0,alma1,North Pacific Ocean,0.0,,,,
848,0.0,alma1,North Pacific Ocean,0.0,,,,
849,0.0,alma1,North Pacific Ocean,0.0,,,,
850,0.0,alma1,North Pacific Ocean,0.0,,,,
851,6.54e-08,alma1,North Pacific Ocean,65.4,,,,
852,8e-08,alma1,North Pacific Ocean,80.0,,,,
881,1.93e-08,alma1,North Pacific Ocean,19.3,,,,
882,0.0,alma1,North Pacific Ocean,0.0,,,,
896,0.0,alma1,South Pacific Ocean,0.0,,,,
897,3.58e-08,alma1,South Pacific Ocean,35.80000000000001,,,,
898,0.0,alma1,South Pacific Ocean,0.0,,,,
899,0.0,alma1,South Pacific Ocean,0.0,,,,
900,0.0,alma1,South Pacific Ocean,0.0,,,,
923,0.0,alma1,South Pacific Ocean,0.0,,,,
924,0.0,alma1,South Pacific Ocean,0.0,,,,
929,0.0,alma1,South Pacific Ocean,0.0,,,,
957,0.0,alma1,Indian Ocean,0.0,,,,
958,0.0,alma1,Indian Ocean,0.0,,,,
959,0.0,alma1,Indian Ocean,0.0,,,,
960,0.0,alma1,Indian Ocean,0.0,,,,
961,0.0,alma1,Indian Ocean,0.0,,,,
962,5.26e-07,alma1,Indian Ocean,526.0,,,,
963,7.35e-07,alma1,Indian Ocean,735.0,,,,
964,0.0,alma1,Indian Ocean,0.0,,,,
965,1.33e-07,alma1,Indian Ocean,133.0,,,,
966,0.0,alma1,Indian Ocean,0.0,,,,
982,0.0,alma1,South Pacific Ocean,0.0,,,,
983,6.91e-08,alma1,South Pacific Ocean,69.10000000000001,,,,
984,0.0,alma1,South Pacific Ocean,0.0,,,,
1007,8e-07,alma1,Indian Ocean,800.0,,,,
1008,0.0,alma1,Indian Ocean,0.0,,,,
1009,0.0,alma1,Indian Ocean,0.0,,,,
1010,0.0,alma1,Indian Ocean,0.0,,,,
1011,0.0,alma1,Indian Ocean,0.0,,,,
1012,5.71e-08,alma1,Indian Ocean,57.1,,,,
1051,4.7800000000000005e-08,alma1,North Atlantic Ocean,47.8,,,,
1057,1.78e-08,alma1,South Pacific Ocean,17.8,,,,
1058,0.0,alma1,South Pacific Ocean,0.0,,,,
1059,5.59e-07,alma1,Southern Ocean (S of 40S),559.0,,,,
1060,8.71e-08,alma1,Southern Ocean (S of 40S),87.10000000000002,,,,
1061,2.75e-08,alma1,Southern Ocean (S of 40S),27.5,,,,
1062,2.01e-07,alma1,Southern Ocean (S of 40S),201.0,,,,
1063,6.93e-07,alma1,Southern Ocean (S of 40S),693.0,,,,
1064,4.62e-07,alma1,Southern Ocean (S of 40S),462.00000000000006,,,,
1065,1.06e-07,alma1,Southern Ocean (S of 40S),106.0,,,,
1083,1.02e-07,alma1,South Atlantic Ocean,102.0,,,,
1084,0.0,alma1,South Atlantic Ocean,0.0,,,,
1085,5.97e-08,alma1,South Atlantic Ocean,59.7,,,,
1086,0.0,alma1,Indian Ocean,0.0,,,,
1095,4.79e-06,alma1,Southern Ocean (S of 40S),4790.0,,,,
1096,4.7e-07,alma1,Southern Ocean (S of 40S),470.0,,,,
1097,0.0,alma1,Southern Ocean (S of 40S),0.0,,,,
1098,2.18e-07,alma1,Southern Ocean (S of 40S),218.00000000000003,,,,
1099,6.6e-07,alma1,Southern Ocean (S of 40S),660.0,,,,
1100,9.81e-08,alma1,Southern Ocean (S of 40S),98.1,,,,
1101,2.77e-06,alma1,Southern Ocean (S of 40S),2770.0,,,,
1102,7.67e-07,alma1,Southern Ocean (S of 40S),767.0,,,,
1103,8.369999999999999e-08,alma1,Southern Ocean (S of 40S),83.69999999999997,,,,
1104,0.0,alma1,Southern Ocean (S of 40S),0.0,,,,
1105,9.04e-08,alma1,Southern Ocean (S of 40S),90.4,,,,
1106,2.88e-06,alma1,Southern Ocean (S of 40S),2880.0,,,,
1107,8.96e-07,alma1,Southern Ocean (S of 40S),896.0,,,,
1108,1.19e-07,alma1,Southern Ocean (S of 40S),119.0,,,,
1116,7.07e-08,alma1,North Pacific Ocean,70.7,,,,
1117,0.0,alma1,North Pacific Ocean,0.0,,,,
1118,0.0,alma1,North Pacific Ocean,0.0,,,,
1119,0.0,alma1,North Pacific Ocean,0.0,,,,
1120,4.56e-08,alma1,North Pacific Ocean,45.6,,,,
1121,0.0,alma1,North Pacific Ocean,0.0,,,,
1131,0.0,alma1,North Pacific Ocean,0.0,,,,
1136,2.79e-06,alma1,Southern Ocean (S of 40S),2790.0,,,,
1137,3.55e-08,alma1,Southern Ocean (S of 40S),35.5,,,,
1138,7.68e-07,alma1,Southern Ocean (S of 40S),768.0,,,,
1139,6.34e-07,alma1,Southern Ocean (S of 40S),634.0,,,,
1140,5.04e-08,alma1,Southern Ocean (S of 40S),50.4,,,,
1141,8.03e-08,alma1,Southern Ocean (S of 40S),80.3,,,,
1142,2.8999999999999998e-06,alma1,Southern Ocean (S of 40S),2900.0,,,,
1152,0.0,alma1,North Pacific Ocean,0.0,,,,
1153,0.0,alma1,North Pacific Ocean,0.0,,,,
1154,0.0,alma1,North Pacific Ocean,0.0,,,,
1155,0.0,alma1,North Pacific Ocean,0.0,,,,
1156,0.0,alma1,North Pacific Ocean,0.0,,,,
1157,7.59e-08,alma1,North Pacific Ocean,75.89999999999998,,,,
1158,2.29e-07,alma1,North Pacific Ocean,229.0,,,,
1159,9.75e-08,alma1,North Pacific Ocean,97.5,,,,
1160,0.0,alma1,North Pacific Ocean,0.0,,,,
1170,4.24e-08,alma1,South Atlantic Ocean,42.40000000000001,,,,
1171,0.0,alma1,South Atlantic Ocean,0.0,,,,
1174,0.0,alma1,South Pacific Ocean,0.0,,,,
1175,2.25e-08,alma1,South Pacific Ocean,22.5,,,,
1176,0.0,alma1,South Pacific Ocean,0.0,,,,
1177,0.0,alma1,South Pacific Ocean,0.0,,,,
1178,0.0,alma1,South Pacific Ocean,0.0,,,,
1179,0.0,alma1,South Pacific Ocean,0.0,,,,
1180,0.0,alma1,South Pacific Ocean,0.0,,,,
1181,5.42e-08,alma1,South Pacific Ocean,54.2,,,,
1182,0.0,alma1,South Pacific Ocean,0.0,,,,
1183,1.07e-07,alma1,South Pacific Ocean,107.0,,,,
1185,2.23e-07,alma1,North Atlantic Ocean,223.0,,,,
1186,3.1e-08,alma1,North Atlantic Ocean,31.0,,,,
1187,1.51e-07,alma1,North Atlantic Ocean,151.0,,,,
1189,0.0,alma1,South Pacific Ocean,0.0,,,,
1190,0.0,alma1,South Pacific Ocean,0.0,,,,
1191,1.29e-07,alma1,South Pacific Ocean,129.0,,,,
1202,9.88e-08,alma1,Southern Ocean (S of 40S),98.8,,,,
1203,9.88e-08,alma1,Southern Ocean (S of 40S),98.8,,,,
1204,2.42e-07,alma1,Southern Ocean (S of 40S),242.0,,,,
1205,0.0,alma1,Southern Ocean (S of 40S),0.0,,,,
1206,0.0,alma1,Southern Ocean (S of 40S),0.0,,,,
1207,0.0,alma1,Southern Ocean (S of 40S),0.0,,,,
1225,1.55e-06,alma1,Southern Ocean (S of 40S),1550.0,,,,
1226,7.35e-07,alma1,Southern Ocean (S of 40S),735.0,,,,
1227,2.65e-06,alma1,Southern Ocean (S of 40S),2650.0,,,,
1228,2.7000000000000004e-06,alma1,Southern Ocean (S of 40S),2700.0,,,,
1229,1.05e-06,alma1,Southern Ocean (S of 40S),1050.0,,,,
1230,1.61e-06,alma1,Southern Ocean (S of 40S),1610.0,,,,
1231,0.0,alma1,South Pacific Ocean,0.0,,,,
1232,5.74e-08,alma1,South Pacific Ocean,57.40000000000001,,,,
1233,2.33e-07,alma1,South Pacific Ocean,233.0,,,,
1234,5.74e-08,alma1,South Pacific Ocean,57.40000000000001,,,,
1235,0.0,alma1,South Pacific Ocean,0.0,,,,
1236,1.45e-07,alma1,Indian Ocean,145.0,,,,
1237,0.0,alma1,Indian Ocean,0.0,,,,
1238,0.0,alma1,Indian Ocean,0.0,,,,
1239,0.0,alma1,Indian Ocean,0.0,,,,
1240,0.0,alma1,Indian Ocean,0.0,,,,
1241,0.0,alma1,Indian Ocean,0.0,,,,
1242,1.32e-07,alma1,Indian Ocean,132.0,,,,
1253,4.6500000000000006e-08,alma1,South Atlantic Ocean,46.50000000000001,,,,
1254,1.3e-07,alma1,South Atlantic Ocean,130.0,,,,
1255,2.95e-07,alma1,South Atlantic Ocean,295.0,,,,
1256,0.0,alma1,South Pacific Ocean,0.0,,,,
1257,1.67e-07,alma1,South Pacific Ocean,167.0,,,,
1258,0.0,alma1,South Pacific Ocean,0.0,,,,
1259,0.0,alma1,South Pacific Ocean,0.0,,,,
1260,0.0,alma1,South Pacific Ocean,0.0,,,,
1261,0.0,alma1,South Pacific Ocean,0.0,,,,
1262,8.09e-08,alma1,South Pacific Ocean,80.9,,,,
1265,0.0,alma1,North Pacific Ocean,0.0,,,,
1266,0.0,alma1,North Pacific Ocean,0.0,,,,
1267,0.0,alma1,North Pacific Ocean,0.0,,,,
1268,0.0,alma1,North Pacific Ocean,0.0,,,,
1273,1.19e-05,alma1,Southern Ocean (S of 40S),11900.000000000002,,,,
1274,7.89e-06,alma1,Southern Ocean (S of 40S),7890.000000000001,,,,
1275,1.74e-05,alma1,Southern Ocean (S of 40S),17400.0,,,,
1276,8.26e-06,alma1,Southern Ocean (S of 40S),8260.0,,,,
1277,1.24e-06,alma1,Southern Ocean (S of 40S),1240.0,,,,
1278,1.92e-05,alma1,Southern Ocean (S of 40S),19200.0,,,,
1279,2.73e-06,alma1,Southern Ocean (S of 40S),2730.0,,,,
1280,8.95e-07,alma1,Southern Ocean (S of 40S),895.0,,,,
1281,2.94e-06,alma1,Southern Ocean (S of 40S),2940.0,,,,
1282,1.21e-06,alma1,Southern Ocean (S of 40S),1210.0,,,,
1283,1.93e-06,alma1,Southern Ocean (S of 40S),1930.0,,,,
1284,3.17e-06,alma1,Southern Ocean (S of 40S),3170.0,,,,
1295,0.0,alma1,North Pacific Ocean,0.0,,,,
1296,1.32e-07,alma1,North Pacific Ocean,132.0,,,,
1297,0.0,alma1,North Pacific Ocean,0.0,,,,
1298,0.0,alma1,North Pacific Ocean,0.0,,,,
1299,3.88e-08,alma1,North Pacific Ocean,38.8,,,,
1300,0.0,alma1,North Pacific Ocean,0.0,,,,
1306,4.82e-08,alma1,Indian Ocean,48.2,,,,
1307,0.0,alma1,Indian Ocean,0.0,,,,
1308,0.0,alma1,Indian Ocean,0.0,,,,
1309,2.46e-08,alma1,Indian Ocean,24.6,,,,
1310,7.55e-08,alma1,Indian Ocean,75.5,,,,
0,,,,,ERR598943,3.0,0.0376766384420921,102.0
1,,,,,ERR598945,3.0,0.0,84.0
2,,,,,ERR598952,3.0,0.0,109.0
3,,,,,ERR598953,3.0,0.0,100.0
4,,,,,ERR598956,3.0,0.0,123.0
5,,,,,ERR598976,3.0,0.0,151.0
6,,,,,ERR598977,1.6,0.0,41.0
7,,,,,ERR598988,3.0,0.0,124.0
8,,,,,ERR598999,3.0,0.0,122.0
9,,,,,ERR599004,3.0,0.0,138.0
10,,,,,ERR599010,3.0,0.0,76.0
11,,,,,ERR599011,1.6,0.0,41.0
12,,,,,ERR599015,3.0,0.0,137.0
13,,,,,ERR599016,1.6,0.0,52.0
14,,,,,ERR599022,3.0,0.0,78.0
15,,,,,ERR599027,3.0,0.0,82.0
16,,,,,ERR599031,1.6,0.0,37.0
17,,,,,ERR599035,3.0,0.0,82.0
18,,,,,ERR599067,3.0,0.0,109.0
19,,,,,ERR599098,1.6,0.0,52.0
20,,,,,ERR599102,1.6,0.0,38.0
21,,,,,ERR599104,3.0,0.0,85.0
22,,,,,ERR599109,1.6,0.0,38.0
23,,,,,ERR599113,3.0,0.0,100.0
24,,,,,ERR599169,3.0,0.0,100.0
25,,,,,ERR599176,3.0,0.0,85.0
26,,,,,ERR598943,3.0,0.1507065537683684,102.0
27,,,,,ERR598945,3.0,3.0824213262045834,84.0
28,,,,,ERR598952,3.0,0.0,109.0
29,,,,,ERR598953,3.0,0.04240081379033892,100.0
30,,,,,ERR598956,3.0,0.6430496759491825,123.0
31,,,,,ERR598976,3.0,0.2138123912697174,151.0
32,,,,,ERR598977,1.6,0.039523228137123625,41.0
33,,,,,ERR598988,3.0,0.20658320347168854,124.0
34,,,,,ERR598999,3.0,1.2523199226567217,122.0
35,,,,,ERR599004,3.0,1.4338401393379778,138.0
36,,,,,ERR599010,3.0,0.4504714859808018,76.0
37,,,,,ERR599011,1.6,0.3004831167551189,41.0
38,,,,,ERR599015,3.0,0.28810577976567564,137.0
39,,,,,ERR599016,1.6,0.2814847891015095,52.0
40,,,,,ERR599022,3.0,0.5146907478302158,78.0
41,,,,,ERR599027,3.0,6.017983828892497,82.0
42,,,,,ERR599031,1.6,0.0614468886582992,37.0
43,,,,,ERR599035,3.0,4.803547519134086,82.0
44,,,,,ERR599067,3.0,1.8648437887699731,109.0
45,,,,,ERR599098,1.6,0.4262977477837389,52.0
46,,,,,ERR599102,1.6,0.07903282630416364,38.0
47,,,,,ERR599104,3.0,4.431516479895788,85.0
48,,,,,ERR599109,1.6,0.0770926748776019,38.0
49,,,,,ERR599113,3.0,0.2009728694665135,100.0
50,,,,,ERR599169,3.0,0.3160832552457177,100.0
51,,,,,ERR599176,3.0,1.3652822182458235,85.0
52,,,,,ERR598943,3.0,3.0518077138094597,102.0
53,,,,,ERR598945,3.0,19.522001732629032,84.0
54,,,,,ERR598952,3.0,1.6074623663833438,109.0
55,,,,,ERR598953,3.0,0.21200406895169455,100.0
56,,,,,ERR598956,3.0,0.04019060474682391,123.0
57,,,,,ERR598976,3.0,4.353997785856064,151.0
58,,,,,ERR598977,1.6,0.316185825096989,41.0
59,,,,,ERR598988,3.0,0.4957996883320526,124.0
60,,,,,ERR598999,3.0,0.03578056921876347,122.0
61,,,,,ERR599004,3.0,0.04344970119205993,138.0
62,,,,,ERR599010,3.0,0.4004190986496016,76.0
63,,,,,ERR599011,1.6,0.0,41.0
64,,,,,ERR599015,3.0,0.10803966741212837,137.0
65,,,,,ERR599016,1.6,0.7037119727537736,52.0
66,,,,,ERR599022,3.0,1.2165417675986923,78.0
67,,,,,ERR599027,3.0,28.2583588487126,82.0
68,,,,,ERR599031,1.6,0.0614468886582992,37.0
69,,,,,ERR599035,3.0,20.77064681457979,82.0
70,,,,,ERR599067,3.0,0.0,109.0
71,,,,,ERR599098,1.6,0.06089967825481985,52.0
72,,,,,ERR599102,1.6,1.3435580471707822,38.0
73,,,,,ERR599104,3.0,21.714430751489363,85.0
74,,,,,ERR599109,1.6,0.03854633743880095,38.0
75,,,,,ERR599113,3.0,1.6077829557321082,100.0
76,,,,,ERR599169,3.0,0.4063927567444942,100.0
77,,,,,ERR599176,3.0,40.655070498875645,85.0
78,,,,,ERR598943,3.0,0.0376766384420921,102.0
79,,,,,ERR598945,3.0,0.05137368877007639,84.0
80,,,,,ERR598952,3.0,0.07306647119924291,109.0
81,,,,,ERR598953,3.0,1.0176195309681342,100.0
82,,,,,ERR598956,3.0,0.08038120949364781,123.0
83,,,,,ERR598976,3.0,0.11662494069257312,151.0
84,,,,,ERR598977,1.6,0.07904645627424725,41.0
85,,,,,ERR598988,3.0,0.08263328138867543,124.0
86,,,,,ERR598999,3.0,0.3935862614063982,122.0
87,,,,,ERR599004,3.0,0.4779467131126592,138.0
88,,,,,ERR599010,3.0,0.9009429719616036,76.0
89,,,,,ERR599011,1.6,0.15024155837755945,41.0
90,,,,,ERR599015,3.0,0.7562776718848986,137.0
91,,,,,ERR599016,1.6,0.18765652606767294,52.0
92,,,,,ERR599022,3.0,0.14037020395369526,78.0
93,,,,,ERR599027,3.0,0.15699088249284776,82.0
94,,,,,ERR599031,1.6,0.0614468886582992,37.0
95,,,,,ERR599035,3.0,0.10734184400299633,82.0
96,,,,,ERR599067,3.0,0.6734158126113791,109.0
97,,,,,ERR599098,1.6,0.18269903476445956,52.0
98,,,,,ERR599102,1.6,0.03951641315208182,38.0
99,,,,,ERR599104,3.0,0.05539395599869736,85.0
100,,,,,ERR599109,1.6,0.0,38.0
101,,,,,ERR599113,3.0,0.2679638259553513,100.0
102,,,,,ERR599169,3.0,0.09030950149877648,100.0
103,,,,,ERR599176,3.0,0.050566008083178654,85.0
104,,,,,ERR598943,3.0,78.93255753618296,102.0
105,,,,,ERR598945,3.0,32.673666057768585,84.0
106,,,,,ERR598952,3.0,91.99068723984684,109.0
107,,,,,ERR598953,3.0,152.60052883142976,100.0
108,,,,,ERR598956,3.0,129.69508151800076,123.0
109,,,,,ERR598976,3.0,75.56324282372967,151.0
110,,,,,ERR598977,1.6,69.52135829320046,41.0
111,,,,,ERR598988,3.0,102.91975196959524,124.0
112,,,,,ERR598999,3.0,135.53679620067604,122.0
113,,,,,ERR599004,3.0,112.36092728266699,138.0
114,,,,,ERR599010,3.0,25.877084250230503,76.0
115,,,,,ERR599011,1.6,75.42126230553484,41.0
116,,,,,ERR599015,3.0,99.79263946633591,137.0
117,,,,,ERR599016,1.6,84.5392649934867,52.0
118,,,,,ERR599022,3.0,55.86734117357071,78.0
119,,,,,ERR599027,3.0,89.48480302092321,82.0
120,,,,,ERR599031,1.6,91.49441721220751,37.0
121,,,,,ERR599035,3.0,55.227378739541614,82.0
122,,,,,ERR599067,3.0,154.1086186552964,109.0
123,,,,,ERR599098,1.6,55.053309142357136,52.0
124,,,,,ERR599102,1.6,94.30591998744326,38.0
125,,,,,ERR599104,3.0,72.89844609428572,85.0
126,,,,,ERR599109,1.6,112.32402729666596,38.0
127,,,,,ERR599113,3.0,109.19525907680568,100.0
128,,,,,ERR599169,3.0,114.01574564220532,100.0
129,,,,,ERR599176,3.0,68.16297889612483,85.0
130,,,,,ERR598943,3.0,10.511782125343696,102.0
131,,,,,ERR598945,3.0,2.4145633721935904,84.0
132,,,,,ERR598952,3.0,11.398369507081895,109.0
133,,,,,ERR598953,3.0,5.172899282421348,100.0
134,,,,,ERR598956,3.0,1.2057181424047172,123.0
135,,,,,ERR598976,3.0,8.05683965284526,151.0
136,,,,,ERR598977,1.6,2.7271027414615303,41.0
137,,,,,ERR598988,3.0,4.668780398460163,124.0
138,,,,,ERR598999,3.0,2.755103829844788,122.0
139,,,,,ERR599004,3.0,5.822259959736031,138.0
140,,,,,ERR599010,3.0,2.8029336905472118,76.0
141,,,,,ERR599011,1.6,5.458776621051326,41.0
142,,,,,ERR599015,3.0,5.437996593077128,137.0
143,,,,,ERR599016,1.6,4.9728979407933345,52.0
144,,,,,ERR599022,3.0,4.772586934425638,78.0
145,,,,,ERR599027,3.0,4.65739618062115,82.0
146,,,,,ERR599031,1.6,0.614468886582992,37.0
147,,,,,ERR599035,3.0,2.7103815610756574,82.0
148,,,,,ERR599067,3.0,4.351302173796603,109.0
149,,,,,ERR599098,1.6,6.394466216756084,52.0
150,,,,,ERR599102,1.6,5.4730232215633325,38.0
151,,,,,ERR599104,3.0,0.4985456039882762,85.0
152,,,,,ERR599109,1.6,0.732380411337218,38.0
153,,,,,ERR599113,3.0,5.7612222580400525,100.0
154,,,,,ERR599169,3.0,14.67529399355118,100.0
155,,,,,ERR599176,3.0,0.6573581050813225,85.0
156,,,,,ERR598943,3.0,0.0,102.0
157,,,,,ERR598945,3.0,0.0,84.0
158,,,,,ERR598952,3.0,0.0,109.0
159,,,,,ERR598953,3.0,0.2544048827420335,100.0
160,,,,,ERR598956,3.0,0.08038120949364781,123.0
161,,,,,ERR598976,3.0,0.20409364621200302,151.0
162,,,,,ERR598977,1.6,0.0,41.0
163,,,,,ERR598988,3.0,0.0,124.0
164,,,,,ERR598999,3.0,0.03578056921876347,122.0
165,,,,,ERR599004,3.0,0.0,138.0
166,,,,,ERR599010,3.0,0.2002095493248008,76.0
167,,,,,ERR599011,1.6,0.050080519459186484,41.0
168,,,,,ERR599015,3.0,0.03601322247070945,137.0
169,,,,,ERR599016,1.6,0.09382826303383647,52.0
170,,,,,ERR599022,3.0,0.7018510197684762,78.0
171,,,,,ERR599027,3.0,0.0,82.0
172,,,,,ERR599031,1.6,0.0,37.0
173,,,,,ERR599035,3.0,0.0,82.0
174,,,,,ERR599067,3.0,0.3108072981283288,109.0
175,,,,,ERR599098,1.6,0.06089967825481985,52.0
176,,,,,ERR599102,1.6,0.0,38.0
177,,,,,ERR599104,3.0,0.0,85.0
178,,,,,ERR599109,1.6,0.0,38.0
179,,,,,ERR599113,3.0,0.06699095648883784,100.0
180,,,,,ERR599169,3.0,0.0,100.0
181,,,,,ERR599176,3.0,0.0,85.0
182,,,,,ERR598943,3.0,0.0,102.0
183,,,,,ERR598945,3.0,0.0,84.0
184,,,,,ERR598952,3.0,0.0,109.0
185,,,,,ERR598953,3.0,0.0,100.0
186,,,,,ERR598956,3.0,0.0,123.0
187,,,,,ERR598976,3.0,0.0,151.0
188,,,,,ERR598977,1.6,0.0,41.0
189,,,,,ERR598988,3.0,0.0,124.0
190,,,,,ERR598999,3.0,0.0,122.0
191,,,,,ERR599004,3.0,0.0,138.0
192,,,,,ERR599010,3.0,0.0,76.0
193,,,,,ERR599011,1.6,0.0,41.0
194,,,,,ERR599015,3.0,0.0,137.0
195,,,,,ERR599016,1.6,0.0,52.0
196,,,,,ERR599022,3.0,0.0,78.0
197,,,,,ERR599027,3.0,0.0,82.0
198,,,,,ERR599031,1.6,0.0,37.0
199,,,,,ERR599035,3.0,0.0,82.0
200,,,,,ERR599067,3.0,0.0,109.0
201,,,,,ERR599098,1.6,0.0,52.0
202,,,,,ERR599102,1.6,0.0,38.0
203,,,,,ERR599104,3.0,0.0,85.0
204,,,,,ERR599109,1.6,0.0,38.0
205,,,,,ERR599113,3.0,0.0,100.0
206,,,,,ERR599169,3.0,0.0,100.0
207,,,,,ERR599176,3.0,0.0,85.0
